MOVIE NAME ,MOVIE ID ,NUMBER OF RATINGS,
Star Wars (1977),50,583,
Contact (1997),258,509,
Fargo (1996),100,508,
Return of the Jedi (1983),181,507,
Liar Liar (1997),294,485,
English Patient. The (1996),286,481,
Scream (1996),288,478,
Toy Story (1995),1,452,
Air Force One (1997),300,431,
Independence Day (ID4) (1996),121,429,
Raiders of the Lost Ark (1981),174,420,
Godfather. The (1972),127,413,
Pulp Fiction (1994),56,394,
Twelve Monkeys (1995),7,392,
Silence of the Lambs. The (1991),98,390,
Jerry Maguire (1996),237,384,
Rock. The (1996),117,378,
Empire Strikes Back. The (1980),172,367,
Star Trek: First Contact (1996),222,365,
Back to the Future (1985),204,350,
Titanic (1997),313,350,
Mission: Impossible (1996),405,344,
Fugitive. The (1993),79,336,
Indiana Jones and the Last Crusade (1989),210,331,
Willy Wonka and the Chocolate Factory (1971),151,326,
Princess Bride. The (1987),173,324,
Forrest Gump (1994),69,321,
Monty Python and the Holy Grail (1974),168,316,
Saint. The (1997),748,316,
Full Monty. The (1997),269,315,
Men in Black (1997),257,303,
Terminator. The (1984),195,301,
E.T. the Extra-Terrestrial (1982),423,300,
Dead Man Walking (1995),9,299,
Leaving Las Vegas (1995),276,298,
Schindler's List (1993),318,298,
Braveheart (1995),22,297,
L.A. Confidential (1997),302,297,
Terminator 2: Judgment Day (1991),96,295,
Conspiracy Theory (1997),328,295,
Mr. Holland's Opus (1995),15,293,
Birdcage. The (1996),25,293,
Twister (1996),118,293,
Alien (1979),183,291,
When Harry Met Sally... (1989),216,290,
Aliens (1986),176,284,
Shawshank Redemption. The (1994),64,283,
Groundhog Day (1993),202,280,
Jaws (1975),234,280,
Apollo 13 (1995),28,276,
Amadeus (1984),191,276,
Blade Runner (1982),89,275,
Truth About Cats & Dogs. The (1996),111,272,
Sense and Sensibility (1995),275,268,
Usual Suspects. The (1995),12,267,
Ransom (1996),742,267,
One Flew Over the Cuckoo's Nest (1975),357,264,
Jurassic Park (1993),82,261,
2001: A Space Odyssey (1968),135,259,
Evita (1996),289,259,
Dances with Wolves (1990),97,256,
Raising Arizona (1987),238,256,
Chasing Amy (1997),268,255,
Broken Arrow (1996),546,254,
Four Weddings and a Funeral (1994),70,251,
Blues Brothers. The (1980),186,251,
Dead Poets Society (1989),196,251,
Game. The (1997),333,251,
Trainspotting (1996),475,250,
Fish Called Wanda. A (1988),153,247,
Wizard of Oz. The (1939),132,246,
Phenomenon (1996),125,244,
Star Trek: The Wrath of Khan (1982),228,244,
Die Hard (1988),144,243,
Casablanca (1942),483,243,
Sting. The (1973),194,241,
Devil's Own. The (1997),245,240,
Dante's Peak (1997),323,240,
Psycho (1960),185,239,
Graduate. The (1967),197,239,
Seven (Se7en) (1995),11,236,
Time to Kill. A (1996),282,232,
It's a Wonderful Life (1946),496,231,
In & Out (1997),301,230,
Speed (1994),568,230,
Hunt for Red October. The (1990),265,227,
Stand by Me (1986),655,227,
GoodFellas (1990),182,226,
Heat (1995),273,223,
Sound of Music. The (1965),143,222,
Clockwork Orange. A (1971),179,221,
Apocalypse Now (1979),180,221,
Courage Under Fire (1996),471,221,
Lion King. The (1994),71,220,
Top Gun (1986),161,220,
Babe (1995),8,219,
Aladdin (1992),95,219,
To Kill a Mockingbird (1962),427,219,
Volcano (1997),678,219,
Murder at 1600 (1997),322,218,
Mars Attacks! (1996),235,217,
Butch Cassidy and the Sundance Kid (1969),435,216,
People vs. Larry Flynt. The (1996),508,215,
Sleepless in Seattle (1993),88,213,
Field of Dreams (1989),215,212,
Starship Troopers (1997),271,211,
Get Shorty (1995),4,209,
Godfather: Part II. The (1974),187,209,
Rear Window (1954),603,209,
Brazil (1985),175,208,
True Lies (1994),385,208,
Shining. The (1980),200,206,
M*A*S*H (1970),211,206,
Eraser (1996),597,206,
Beauty and the Beast (1991),588,202,
Batman (1989),403,201,
Boot. Das (1981),515,201,
Young Frankenstein (1974),208,200,
Star Trek IV: The Voyage Home (1986),230,199,
Citizen Kane (1941),134,198,
Good Will Hunting (1997),272,198,
Fifth Element. The (1997),250,197,
Gandhi (1982),527,195,
Face/Off (1997),298,194,
Dr. Strangelove or: How I Learned to Stop Worrying and Love the Bomb (1963),474,194,
Tin Cup (1996),284,193,
Mrs. Doubtfire (1993),393,192,
This Is Spinal Tap (1984),209,191,
Sabrina (1995),274,190,
Boogie Nights (1997),340,189,
Devil's Advocate. The (1997),307,188,
Lone Star (1996),124,187,
Long Kiss Goodnight. The (1996),147,185,
Mighty Aphrodite (1995),13,184,
Postino. Il (1994),14,183,
Taxi Driver (1976),23,182,
Unforgiven (1992),203,182,
Annie Hall (1977),514,180,
Dave (1993),732,180,
Tomorrow Never Dies (1997),751,180,
Vertigo (1958),479,179,
North by Northwest (1959),480,179,
Clear and Present Danger (1994),566,179,
Mary Poppins (1964),419,178,
Primal Fear (1996),591,178,
Emma (1996),283,177,
Much Ado About Nothing (1993),83,176,
That Thing You Do! (1996),845,176,
Quiz Show (1994),58,175,
G.I. Jane (1997),326,175,
Cop Land (1997),327,175,
Rumble in the Bronx (1995),24,174,
Monty Python's Life of Brian (1979),154,174,
Fantasia (1940),432,174,
Lawrence of Arabia (1962),511,173,
Snow White and the Seven Dwarfs (1937),99,172,
My Best Friend's Wedding (1997),255,172,
Gone with the Wind (1939),133,171,
Big Night (1996),137,171,
Cape Fear (1991),218,171,
Star Trek III: The Search for Spock (1984),229,171,
Heathers (1989),433,171,
Glory (1989),651,171,
Full Metal Jacket (1987),188,170,
Clueless (1995),367,170,
Ghost (1990),402,170,
Grease (1978),451,170,
Mother (1996),321,169,
Sleepers (1996),628,169,
In the Line of Fire (1993),684,169,
Everyone Says I Love You (1996),319,168,
Piano. The (1993),582,168,
Die Hard 2 (1990),226,166,
Bridge on the River Kwai. The (1957),199,165,
Cool Hand Luke (1967),523,164,
American President. The (1995),692,164,
Pretty Woman (1990),739,164,
Nutty Professor. The (1996),411,163,
While You Were Sleeping (1995),66,162,
George of the Jungle (1997),259,162,
Secrets & Lies (1996),285,162,
Kingpin (1996),410,162,
Birds. The (1963),443,162,
Star Trek VI: The Undiscovered Country (1991),227,161,
Grosse Pointe Blank (1997),248,160,
Apt Pupil (1998),315,160,
First Wives Club. The (1996),476,160,
Lost World: Jurassic Park. The (1997),252,158,
Dragonheart (1996),472,158,
Swingers (1996),150,157,
Right Stuff. The (1983),193,157,
Executive Decision (1996),685,157,
Beavis and Butt-head Do America (1996),240,156,
Seven Years in Tibet (1997),690,155,
Crimson Tide (1995),31,154,
Highlander (1986),431,153,
Fried Green Tomatoes (1991),660,153,
African Queen. The (1951),498,152,
Firm. The (1993),77,151,
Abyss. The (1989),164,151,
Die Hard: With a Vengeance (1995),550,151,
Remains of the Day. The (1993),86,150,
Sneakers (1992),239,150,
Professional. The (1994),55,149,
Fly Away Home (1996),304,149,
Happy Gilmore (1996),763,149,
Clerks (1994),42,148,
Reservoir Dogs (1992),156,148,
Like Water For Chocolate (Como agua para chocolate) (1992),462,148,
Grumpier Old Men (1995),1028,148,
Donnie Brasco (1997),293,147,
Chinatown (1974),654,147,
River Wild. The (1994),281,146,
Rainmaker. The (1997),310,145,
Jackie Chan's First Strike (1996),455,145,
Nightmare Before Christmas. The (1993),91,143,
Kiss the Girls (1997),332,143,
Spawn (1997),358,143,
Batman Returns (1992),231,142,
Searching for Bobby Fischer (1993),87,138,
Maltese Falcon. The (1941),484,138,
Home Alone (1990),94,137,
Good. The Bad and The Ugly. The (1966),177,137,
Wag the Dog (1997),347,137,
Interview with the Vampire (1994),559,137,
Singin' in the Rain (1952),705,137,
Philadelphia (1993),735,137,
Con Air (1997),1016,137,
Patton (1970),205,136,
Sling Blade (1996),223,136,
Gattaca (1997),270,136,
Peacemaker. The (1997),879,136,
Crow. The (1994),68,134,
Room with a View. A (1986),213,134,
Ulee's Gold (1997),303,134,
Multiplicity (1996),1047,134,
Ed Wood (1994),47,133,
Jungle2Jungle (1997),243,132,
GoldenEye (1995),2,131,
Manchurian Candidate. The (1962),657,131,
Mystery Science Theater 3000: The Movie (1996),109,130,
Austin Powers: International Man of Mystery (1997),249,130,
Mask. The (1994),72,129,
Bound (1996),129,129,
Cinderella (1950),418,129,
Shine (1996),531,129,
Natural Born Killers (1994),53,128,
Maverick (1994),73,128,
Ghost and the Darkness. The (1996),148,128,
Last of the Mohicans. The (1992),241,128,
Crash (1996),325,128,
Some Like It Hot (1959),482,128,
Father of the Bride Part II (1995),756,128,
Stargate (1994),62,127,
Platoon (1986),157,127,
Nikita (La Femme Nikita) (1990),198,127,
Event Horizon (1997),260,127,
Absolute Power (1997),291,127,
Hunchback of Notre Dame. The (1996),596,127,
Jackie Brown (1997),346,126,
James and the Giant Peach (1996),473,126,
Cold Comfort Farm (1995),116,125,
12 Angry Men (1957),178,125,
Lost Highway (1997),324,125,
My Fair Lady (1964),485,125,
Henry V (1989),190,124,
Under Siege (1992),233,124,
Chasing Amy (1997),246,124,
Alien: Resurrection (1997),343,124,
Great Escape. The (1963),520,124,
Ben-Hur (1959),526,124,
Amistad (1997),750,124,
Dumbo (1941),501,123,
Bonnie and Clyde (1967),504,122,
Cinema Paradiso (1988),170,121,
Harold and Maude (1971),428,121,
Carrie (1976),447,121,
My Left Foot (1989),509,121,
Magnificent Seven. The (1954),510,121,
Killing Fields. The (1984),528,121,
Net. The (1995),38,120,
Bram Stoker's Dracula (1992),217,120,
Deer Hunter. The (1978),521,120,
Crying Game. The (1992),631,119,
Real Genius (1985),746,119,
Michael (1996),866,119,
Wrong Trousers. The (1993),169,118,
Hoop Dreams (1994),48,117,
Kolya (1996),242,117,
Star Trek: The Motion Picture (1979),449,117,
Army of Darkness (1993),184,116,
Raging Bull (1980),192,116,
Star Trek: Generations (1994),380,116,
Being There (1979),663,116,
What's Eating Gilbert Grape (1993),65,115,
Frighteners. The (1996),123,115,
Arsenic and Old Lace (1944),659,115,
Beautiful Girls (1996),762,115,
Batman Forever (1995),29,114,
Pink Floyd - The Wall (1982),214,114,
Rosewood (1997),292,114,
Edge. The (1997),331,113,
Welcome to the Dollhouse (1995),93,112,
As Good As It Gets (1997),316,112,
Close Shave. A (1995),408,112,
One Fine Day (1996),815,112,
Nightmare on Elm Street. A (1984),219,111,
Adventures of Priscilla. Queen of the Desert. The (1994),382,111,
Hudsucker Proxy. The (1994),81,110,
101 Dalmatians (1996),225,109,
Tombstone (1993),470,108,
Conan the Barbarian (1981),679,107,
Cable Guy. The (1996),122,106,
On Golden Pond (1981),162,106,
William Shakespeare's Romeo and Juliet (1996),421,106,
Scream 2 (1997),895,106,
Mr. Smith Goes to Washington (1939),136,105,
Outbreak (1995),54,104,
True Romance (1993),92,104,
Philadelphia Story. The (1940),478,104,
Strictly Ballroom (1992),709,104,
Craft. The (1996),928,104,
Ace Ventura: Pet Detective (1994),67,103,
In the Name of the Father (1993),317,102,
Waterworld (1995),554,102,
Little Women (1994),699,102,
Benny & Joon (1993),747,102,
Basic Instinct (1992),159,101,
Young Guns (1988),232,101,
Mimic (1997),264,101,
Miracle on 34th Street (1994),378,101,
Pinocchio (1940),404,101,
Sex. Lies. and Videotape (1989),708,101,
Down Periscope (1996),926,101,
Muriel's Wedding (1994),381,100,
Alien 3 (1992),665,100,
I Know What You Did Last Summer (1997),682,100,
Private Parts (1997),1012,100,
American Werewolf in London. An (1981),436,99,
Dirty Dancing (1987),155,98,
Streetcar Named Desire. A (1951),507,98,
Romy and Michele's High School Reunion (1997),1014,98,
Desperado (1995),33,97,
Spitfire Grill. The (1996),126,97,
Client. The (1994),356,97,
Day the Earth Stood Still. The (1951),429,97,
Fierce Creatures (1997),290,96,
Mrs. Brown (Her Majesty. Mrs. Brown) (1997),306,96,
Jumanji (1995),755,96,
City of Lost Children. The (1995),919,96,
So I Married an Axe Murderer (1993),90,95,
Breakfast at Tiffany's (1961),131,95,
Matilda (1996),477,95,
Very Brady Sequel. A (1996),412,93,
Duck Soup (1933),430,93,
My Life as a Dog (Mitt liv som hund) (1985),529,93,
Cliffhanger (1993),576,93,
Space Jam (1996),820,93,
2 Days in the Valley (1996),1011,93,
From Dusk Till Dawn (1996),17,92,
Return of the Pink Panther. The (1974),163,92,
Unbearable Lightness of Being. The (1988),212,92,
Rob Roy (1995),549,92,
Demolition Man (1993),578,92,
Michael Collins (1996),744,92,
Madness of King George. The (1994),52,91,
Bean (1997),338,91,
Manhattan (1979),517,91,
Escape from New York (1981),636,91,
Casino (1995),693,91,
Escape from L.A. (1996),831,91,
Four Rooms (1995),3,90,
Nixon (1995),458,90,
Rebel Without a Cause (1955),506,90,
Rosencrantz and Guildenstern Are Dead (1990),652,90,
Hamlet (1996),1039,90,
Richard III (1995),10,89,
Evil Dead II (1987),201,89,
Three Musketeers. The (1993),399,89,
Miller's Crossing (1990),518,89,
Grifters. The (1990),642,89,
High Noon (1952),661,88,
Strange Days (1995),39,87,
Ice Storm. The (1997),305,87,
Addams Family Values (1993),386,87,
Jackal. The (1997),689,87,
To Die For (1995),715,87,
Copycat (1995),5,86,
Cape Fear (1962),673,86,
First Knight (1995),720,86,
Bullets Over Broadway (1994),792,86,
My Fellow Americans (1996),864,86,
Beautician and the Beast. The (1997),988,86,
Up Close and Personal (1996),280,85,
Bob Roberts (1992),425,85,
Omen. The (1976),448,85,
Jungle Book. The (1994),465,85,
White Squall (1996),924,85,
Muppet Treasure Island (1996),21,84,
French Kiss (1995),781,84,
Three Colors: Red (1994),59,83,
Arrival. The (1996),825,83,
Santa Clause. The (1994),63,82,
Sleeper (1973),152,82,
Sword in the Stone. The (1963),625,82,
Cook the Thief His Wife & Her Lover. The (1989),640,82,
Somewhere in Time (1980),662,82,
Juror. The (1996),717,82,
Mulholland Falls (1996),823,82,
Crumb (1994),32,81,
I.Q. (1994),49,81,
Legends of the Fall (1994),51,81,
Alice in Wonderland (1951),420,81,
It Happened One Night (1934),604,81,
Nell (1994),729,81,
Picture Perfect (1997),873,81,
Eat Drink Man Woman (1994),45,80,
Midnight in the Garden of Good and Evil (1997),312,80,
Treasure of the Sierra Madre. The (1948),519,80,
Man Who Would Be King. The (1975),530,80,
Phantom. The (1996),826,80,
Chain Reaction (1996),930,80,
Dolores Claiborne (1994),44,79,
Secret Garden. The (1993),584,79,
Pump Up the Volume (1990),658,79,
City Hall (1996),696,79,
Better Off Dead... (1985),710,79,
Marvin's Room (1996),287,78,
Shadowlands (1993),736,78,
Breakdown (1997),295,77,
Victor/Victoria (1982),629,77,
Crucible. The (1996),676,77,
Reality Bites (1994),1074,77,
Brady Bunch Movie. The (1995),401,76,
Circle of Friends (1995),724,76,
Don Juan DeMarco (1995),778,76,
Wings of the Dove. The (1997),311,75,
Robin Hood: Prince of Thieves (1991),627,75,
Vegas Vacation (1997),871,75,
Winnie the Pooh and the Blustery Day (1968),969,75,
Sgt. Bilko (1996),105,74,
Breaking the Waves (1996),221,74,
Smoke (1995),461,74,
Six Degrees of Separation (1993),1101,74,
Brothers McMullen. The (1995),26,73,
Heavy Metal (1981),101,73,
Hoodlum (1997),299,73,
Parent Trap. The (1961),417,73,
Big Sleep. The (1946),525,73,
She's the One (1996),1048,73,
Angels and Insects (1995),20,72,
20.000 Leagues Under the Sea (1954),141,72,
Wedding Singer. The (1998),354,72,
Third Man. The (1949),513,72,
Seventh Seal. The (Sjunde inseglet. Det) (1957),650,72,
Othello (1995),713,72,
Diabolique (1996),106,71,
Restoration (1995),277,71,
Secret of Roan Inish. The (1994),463,71,
Things to Do in Denver when You're Dead (1995),544,71,
How to Make an American Quilt (1995),949,71,
Jack (1996),409,70,
Heavenly Creatures (1994),558,70,
Ran (1985),647,70,
Enchanted April (1991),707,70,
Antonia's Line (1995),19,69,
Glengarry Glen Ross (1992),160,69,
Naked Gun 33 1/3: The Final Insult (1994),384,69,
Christmas Carol. A (1938),633,69,
McHale's Navy (1997),687,69,
Dumb & Dumber (1994),780,69,
Hot Shots! Part Deux (1993),80,68,
Man Without a Face. The (1993),392,68,
Roman Holiday (1953),487,68,
Bringing Up Baby (1938),497,68,
Dial M for Murder (1954),505,68,
Preacher's Wife. The (1996),934,68,
Cool Runnings (1993),1035,68,
Wallace & Gromit: The Best of Aardman Animation (1996),114,67,
Striptease (1996),120,67,
Private Benjamin (1980),167,67,
Bridges of Madison County. The (1995),371,67,
Forbidden Planet (1956),434,67,
Short Cuts (1993),469,67,
Adventures of Robin Hood. The (1938),491,67,
Wolf (1994),569,67,
Quiet Man. The (1952),648,67,
Grand Day Out. A (1992),189,66,
Cyrano de Bergerac (1990),207,66,
Mirror Has Two Faces. The (1996),220,66,
In the Company of Men (1997),262,66,
Jaws 2 (1978),452,66,
Anastasia (1997),538,66,
All About Eve (1950),606,66,
Rebecca (1940),607,66,
Tommy Boy (1995),790,66,
Diva (1981),855,66,
Hercules (1997),993,66,
Shallow Grave (1994),1073,66,
Kids in the Hall: Brain Candy (1996),108,65,
Supercop (1992),128,65,
Lawnmower Man. The (1992),145,65,
Delicatessen (1991),171,65,
Deconstructing Harry (1997),345,65,
Age of Innocence. The (1993),387,65,
Sunset Blvd. (1950),488,65,
Candyman (1992),672,65,
Three Colors: Blue (1993),60,64,
Jean de Florette (1986),165,64,
U Turn (1997),334,64,
Old Yeller (1957),416,64,
Rudy (1993),468,64,
Sabrina (1954),486,64,
Fan. The (1996),595,64,
Night of the Living Dead (1968),616,64,
Extreme Measures (1996),619,64,
Eve's Bayou (1997),887,64,
Dazed and Confused (1993),959,64,
Stealing Beauty (1996),1009,64,
Star Trek V: The Final Frontier (1989),450,63,
Apartment. The (1960),481,63,
Local Hero (1983),516,63,
Walk in the Clouds. A (1995),553,63,
Immortal Beloved (1994),727,63,
Jane Eyre (1996),740,63,
Batman & Robin (1997),254,62,
My Favorite Year (1982),414,62,
Cat on a Hot Tin Roof (1958),499,62,
Forget Paris (1995),1041,62,
Homeward Bound: The Incredible Journey (1993),140,61,
Fox and the Hound. The (1981),946,61,
Weekend at Bernie's (1989),158,60,
Bed of Roses (1996),278,60,
Thin Man. The (1934),493,60,
Father of the Bride (1950),609,60,
Murder in the First (1995),939,60,
Three Colors: White (1994),61,59,
Last Action Hero (1993),391,59,
East of Eden (1955),492,59,
Around the World in 80 Days (1956),495,59,
Mary Shelley's Frankenstein (1994),561,59,
Kalifornia (1993),581,59,
39 Steps. The (1935),615,59,
Sirens (1994),737,59,
Soul Food (1997),880,59,
Some Kind of Wonderful (1987),1119,59,
Ref. The (1994),85,58,
Manon of the Spring (Manon des sources) (1986),166,58,
Sophie's Choice (1982),632,58,
Home for the Holidays (1995),716,58,
Nine Months (1995),722,58,
Last Supper. The (1995),741,58,
Postman. The (1997),898,58,
Raise the Red Lantern (1991),923,58,
Bad Boys (1995),27,57,
To Wong Foo. Thanks for Everything! Julie Newmar (1995),40,57,
Bedknobs and Broomsticks (1971),142,57,
Bananas (1971),502,57,
Wings of Desire (1987),512,57,
Red Corner (1997),754,57,
Devil in a Blue Dress (1995),770,57,
Daylight (1996),827,57,
Island of Dr. Moreau. The (1996),931,57,
Robin Hood: Men in Tights (1993),395,56,
His Girl Friday (1940),494,56,
Celluloid Closet. The (1995),813,56,
Apostle. The (1997),344,55,
Black Sheep (1996),369,55,
Tales from the Crypt Presents: Bordello of Blood (1996),413,55,
Looking for Richard (1996),847,55,
Carlito's Way (1993),76,54,
Aristocats. The (1970),102,54,
Serial Mom (1994),396,54,
Addicted to Love (1997),535,54,
Nosferatu (Nosferatu. eine Symphonie des Grauens) (1922),675,54,
Mallrats (1995),721,54,
Amityville Horror. The (1979),441,53,
Barcelona (1994),702,53,
Last Man Standing (1996),840,53,
Days of Thunder (1990),849,53,
She's So Lovely (1997),875,53,
Life Less Ordinary. A (1997),886,53,
Flubber (1997),892,53,
Koyaanisqatsi (1983),1065,53,
Man Who Knew Too Little. The (1997),342,52,
Red Rock West (1992),466,52,
Notorious (1946),489,52,
Casper (1995),768,52,
Excess Baggage (1997),877,52,
Pocahontas (1995),542,51,
Giant (1956),614,51,
Tin Men (1987),712,51,
MatchMaker. The (1997),749,51,
Love Bug. The (1969),139,50,
Akira (1988),206,50,
Ulee's Gold (1997),297,50,
To Catch a Thief (1955),490,50,
Wyatt Earp (1994),570,50,
American in Paris. An (1951),602,50,
Once Upon a Time in America (1984),649,50,
Perfect World. A (1993),686,50,
Menace II Society (1993),806,50,
Trees Lounge (1996),1017,50,
Thinner (1996),406,49,
Mortal Kombat (1995),541,49,
Rocket Man (1997),683,49,
Kids (1995),772,49,
Great White Hype. The (1996),824,49,
Bulletproof (1996),833,49,
Before Sunrise (1995),955,49,
Substitute. The (1996),977,49,
Smilla's Sense of Snow (1997),244,48,
Powder (1995),365,48,
Beverly Hills Ninja (1997),456,48,
Bronx Tale. A (1993),467,48,
Quick and the Dead. The (1995),562,48,
Cat People (1982),674,48,
Glimmer Man. The (1996),841,48,
Booty Call (1997),948,48,
Under Siege 2: Dark Territory (1995),1228,48,
Mad City (1997),339,47,
Sudden Death (1995),363,47,
Dangerous Minds (1995),366,47,
Swimming with Sharks (1995),789,47,
Money Talks (1997),876,47,
Waiting for Guffman (1996),1007,47,
Up in Smoke (1978),1118,47,
Shall We Dance? (1996),251,46,
Blob. The (1958),444,46,
Great Dictator. The (1940),524,46,
Paris. Texas (1984),664,46,
Bride of Frankenstein (1935),671,46,
Screamers (1995),760,46,
It Could Happen to You (1994),794,46,
Farewell My Concubine (1993),921,46,
With Honors (1994),941,46,
Nobody's Fool (1994),956,46,
Malice (1993),1046,46,
Doors. The (1991),1135,46,
Citizen Ruth (1996),236,45,
Desperate Measures (1998),329,45,
Species (1995),552,45,
Junior (1994),728,45,
Shadow. The (1994),810,45,
Money Talks (1997),881,45,
What's Love Got to Do with It (1993),942,45,
Blue in the Face (1995),952,45,
Joe's Apartment (1996),1079,45,
Family Thing. A (1996),1197,45,
Ridicule (1996),224,44,
Mouse Hunt (1997),539,44,
City Slickers II: The Legend of Curly's Gold (1994),575,44,
Return of Martin Guerre. The (Retour de Martin Guerre. Le) (1982),638,44,
M (1931),656,44,
Leave It to Beaver (1997),688,44,
Persuasion (1995),694,44,
Nick of Time (1995),761,44,
To Gillian on Her 37th Birthday (1996),846,44,
Sweet Hereafter. The (1997),896,44,
Fear (1996),975,44,
Shadow Conspiracy (1997),984,44,
Basquiat (1996),1010,44,
Fire Down Below (1997),1025,44,
Bottle Rocket (1996),1067,44,
When We Were Kings (1996),1142,44,
Young Guns II (1990),1188,44,
Air Bud (1997),261,43,
Playing God (1997),336,43,
Tales From the Crypt Presents: Demon Knight (1995),379,43,
Spy Hard (1996),407,43,
Money Train (1995),540,43,
Wild Bunch. The (1969),589,43,
Chamber. The (1996),620,43,
Rising Sun (1993),809,43,
Mortal Kombat: Annihilation (1997),890,43,
Renaissance Man (1994),944,43,
Ghost and Mrs. Muir. The (1947),1050,43,
Pete's Dragon (1977),1091,43,
Moll Flanders (1996),107,42,
Congo (1995),769,42,
Freeway (1996),844,42,
Love Jones (1997),872,42,
Kundun (1997),900,42,
Big Lebowski. The (1998),902,42,
Flirting With Disaster (1996),1098,42,
187 (1997),330,41,
Fallen (1998),350,41,
Sphere (1998),355,41,
Young Poisoner's Handbook. The (1995),547,41,
Coneheads (1993),577,41,
Gigi (1958),610,41,
Johnny Mnemonic (1995),771,41,
Some Folks Call It a Sling Blade (1993),963,41,
Associate. The (1996),1051,41,
Little Princess. A (1995),1063,41,
Tank Girl (1995),1110,41,
Disclosure (1994),43,40,
Priest (1994),57,40,
Laura (1944),611,40,
Tin Drum. The (Blechtrommel. Die) (1979),639,40,
Basketball Diaries. The (1995),697,40,
Hard Target (1993),802,40,
Eddie (1996),819,40,
Harriet the Spy (1996),929,40,
First Kid (1996),932,40,
Killing Zoe (1994),943,40,
Charade (1963),945,40,
Paper. The (1994),1044,40,
French Twist (Gazon maudit) (1995),16,39,
Mary Reilly (1996),370,39,
Judge Dredd (1995),373,39,
Candidate. The (1972),503,39,
Son in Law (1993),585,39,
Swiss Family Robinson (1960),622,39,
Angels in the Outfield (1994),623,39,
Corrina. Corrina (1994),731,39,
Crow: City of Angels. The (1996),743,39,
Replacement Killers. The (1998),752,39,
Only You (1994),785,39,
Career Girls (1997),874,39,
Indian in the Cupboard. The (1995),951,39,
Adventures of Pinocchio. The (1996),1060,39,
Assassins (1995),1217,39,
When a Man Loves a Woman (1994),1221,39,
Howling. The (1981),637,38,
Once Upon a Time in the West (1969),646,38,
Anaconda (1997),1013,38,
8 1/2 (1963),1021,38,
Speed 2: Cruise Control (1997),1089,38,
Get on the Bus (1996),1134,38,
Virtuosity (1995),1210,38,
Belle de jour (1967),30,37,
Billy Madison (1995),41,37,
Ace Ventura: When Nature Calls (1995),364,37,
Romeo Is Bleeding (1993),583,37,
Milk Money (1994),783,37,
Thousand Acres. A (1997),937,37,
I Shot Andy Warhol (1996),1008,37,
Sliver (1993),1090,37,
Body Snatchers (1993),670,36,
Speechless (1994),796,36,
Night on Earth (1991),856,36,
Metro (1997),1244,36,
Kull the Conqueror (1997),266,35,
Down by Law (1986),522,35,
Wes Craven's New Nightmare (1994),567,35,
Thin Blue Line. The (1988),644,35,
Trigger Effect. The (1996),979,35,
Gaslight (1944),1020,35,
Don't Be a Menace to South Central While Drinking Your Juice in the Hood (1996),1059,35,
Jeffrey (1995),372,34,
Terminal Velocity (1994),586,34,
Lost Horizon (1937),612,34,
Touch of Evil (1958),653,34,
Kull the Conqueror (1997),680,34,
Boys on the Side (1995),723,34,
Fled (1996),829,34,
Washington Square (1997),882,34,
Dead Man (1995),922,34,
Unforgettable (1996),925,34,
Orlando (1993),961,34,
Mediterraneo (1991),971,34,
Free Willy (1993),78,33,
Body Snatchers (1993),573,33,
Paths of Glory (1957),641,33,
That Darn Cat! (1997),878,33,
Anna Karenina (1997),990,33,
Hackers (1995),1139,33,
Clockers (1995),1267,33,
Transformers: The Movie. The (1986),426,32,
Englishman Who Went Up a Hill. But Came Down a Mountain. The (1995),580,32,
Boomerang (1992),765,32,
Prophecy. The (1995),774,32,
Brassed Off (1996),936,32,
Airheads (1994),940,32,
Eye for an Eye (1996),974,32,
Cats Don't Dance (1997),989,32,
Tie Me Up! Tie Me Down! (1990),1018,32,
Fast. Cheap & Out of Control (1997),1022,32,
Homeward Bound II: Lost in San Francisco (1996),1033,32,
Old Man and the Sea. The (1958),1126,32,
Feeling Minnesota (1996),1132,32,
Night Falls on Manhattan (1997),1226,32,
Operation Dumbo Drop (1995),110,31,
Hard Rain (1998),349,31,
Bio-Dome (1996),368,31,
Flintstones. The (1994),383,31,
Fly Away Home (1996),500,31,
Meet Me in St. Louis (1944),605,31,
Great Race. The (1965),630,31,
Threesome (1994),738,31,
Drop Zone (1994),779,31,
Timecop (1994),797,31,
Program. The (1993),808,31,
Kiss Me. Guido (1997),995,31,
Die xue shuang xiong (Killer. The) (1989),1019,31,
Fathers' Day (1997),1023,31,
Once Were Warriors (1994),1194,31,
FairyTale: A True Story (1997),308,30,
My Own Private Idaho (1991),537,30,
Spellbound (1945),608,30,
Shaggy Dog. The (1959),843,30,
Georgia (1995),950,30,
Escape to Witch Mountain (1975),1133,30,
Barb Wire (1996),1215,30,
Higher Learning (1995),1220,30,
Stephen King's The Langoliers (1995),563,29,
Blown Away (1994),572,29,
Canadian Bacon (1994),719,29,
If Lucy Fell (1996),764,29,
Evening Star. The (1996),1061,29,
High School High (1996),1095,29,
Twelfth Night (1996),1115,29,
Ghosts of Mississippi (1996),1136,29,
Beautiful Thing (1996),1137,29,
Once Upon a Time... When We Were Colored (1995),279,28,
Deceiver (1997),309,28,
Blues Brothers 2000 (1998),362,28,
Beverly Hills Cop III (1994),388,28,
Crossing Guard. The (1995),460,28,
Another Stakeout (1993),571,28,
Passion Fish (1992),972,28,
Just Cause (1995),1042,28,
Death and the Maiden (1994),1109,28,
Chungking Express (1994),1129,28,
In Love and War (1996),1152,28,
Barbarella (1968),1411,28,
Exotica (1994),46,27,
Desperate Measures (1998),348,27,
Black Beauty (1994),389,27,
Free Willy 3: The Rescue (1997),457,27,
Vanya on 42nd Street (1994),464,27,
Tales from the Hood (1995),564,27,
My Man Godfrey (1936),613,27,
Paris Is Burning (1990),645,27,
Wishmaster (1997),681,27,
Made in America (1993),734,27,
Manhattan Murder Mystery (1993),805,27,
Pollyanna (1960),842,27,
Great Expectations (1998),905,27,
Heaven's Prisoners (1996),978,27,
Quest. The (1996),1034,27,
Living in Oblivion (1995),1070,27,
Spanking the Monkey (1994),1170,27,
Shanghai Triad (Yao a yao yao dao waipo qiao) (1995),6,26,
Pillow Book. The (1995),253,26,
Spice World (1997),352,26,
Super Mario Bros. (1993),398,26,
Aladdin and the King of Thieves (1996),422,26,
Something to Talk About (1995),775,26,
In the Mouth of Madness (1995),800,26,
Ninotchka (1939),836,26,
Affair to Remember. An (1957),966,26,
Walkabout (1971),1149,26,
Love! Valour! Compassion! (1997),1160,26,
Friday (1995),1218,26,
Ghost in the Shell (Kokaku kidotai) (1995),1240,26,
Before and After (1996),1284,26,
Apple Dumpling Gang. The (1975),415,25,
Girl 6 (1996),818,25,
Halloween: The Curse of Michael Myers (1995),834,25,
Meet John Doe (1941),837,25,
Smile Like Yours. A (1997),938,25,
Naked (1993),960,25,
Keys to Tulsa (1997),991,25,
Two if by Sea (1996),1040,25,
Fearless (1993),1045,25,
House Arrest (1996),1049,25,
Dracula: Dead and Loving It (1995),1052,25,
Relic. The (1997),1157,25,
Portrait of a Lady. The (1996),1163,25,
Judgment Night (1993),1222,25,
Houseguest (1994),376,24,
Cry. the Beloved Country (1995),459,24,
Lord of Illusions (1995),551,24,
Microcosmos: Le peuple de l'herbe (1996),634,24,
House of the Spirits. The (1993),704,24,
Queen Margot (Reine Margot. La) (1994),730,24,
Burnt By the Sun (1994),753,24,
Garden of Finzi-Contini. The (Giardino dei Finzi-Contini. Il) (1970),863,24,
Fools Rush In (1997),869,24,
Drop Dead Fred (1991),1036,24,
Grease 2 (1982),1037,24,
Now and Then (1995),1053,24,
Kansas City (1996),130,23,
Jude (1996),149,23,
Showgirls (1995),375,23,
Fog. The (1980),635,23,
Ruby in Paradise (1993),962,23,
Turbulence (1997),986,23,
Until the End of the World (Bis ans Ende der Welt) (1991),1006,23,
Mr. Wrong (1996),1054,23,
Live Nude Girls (1995),1093,23,
Cemetery Man (Dellamorte Dellamore) (1994),1199,23,
Trial and Error (1997),1258,23,
Inventing the Abbotts (1997),1315,23,
Body Snatcher. The (1945),445,22,
Kama Sutra: A Tale of Love (1996),532,22,
Kid in King Arthur's Court. A (1995),560,22,
Village of the Damned (1995),565,22,
Three Caballeros. The (1945),624,22,
Mrs. Winterbourne (1996),821,22,
Bogus (1996),832,22,
Unstrung Heroes (1995),953,22,
Mother Night (1996),980,22,
Blood & Wine (1997),985,22,
Double vie de Véronique. La (Double Life of Veronique. The) (1991),1005,22,
Pallbearer. The (1996),1057,22,
Oliver & Company (1988),1078,22,
Mrs. Parker and the Vicious Circle (1994),1113,22,
Little Buddha (1993),1168,22,
Welcome To Sarajevo (1997),1176,22,
Marked for Death (1990),1231,22,
How to Be a Player (1997),335,21,
Misérables. Les (1995),543,21,
Lawnmower Man 2: Beyond Cyberspace (1996),758,21,
Richie Rich (1994),795,21,
Candyman: Farewell to the Flesh (1995),816,21,
Ice Storm. The (1997),865,21,
Oscar & Lucinda (1997),906,21,
Funeral. The (1996),933,21,
Funny Face (1957),965,21,
Anne Frank Remembered (1995),1084,21,
It's My Party (1995),1086,21,
Umbrellas of Cherbourg. The (Parapluies de Cherbourg. Les) (1964),1121,21,
My Family (1995),1147,21,
Top Hat (1935),1203,21,
Flipper (1996),112,20,
Paradise Lost: The Child Murders at Robin Hood Hills (1996),320,20,
Prophecy II. The (1998),351,20,
For Whom the Bell Tolls (1943),601,20,
Ma vie en rose (My Life in Pink) (1997),904,20,
Half Baked (1998),908,20,
Maximum Risk (1996),982,20,
Beverly Hillbillies. The (1993),1030,20,
Kiss of Death (1995),1208,20,
Goofy Movie. A (1995),1219,20,
Indian Summer (1996),1296,20,
Specialist. The (1994),1407,20,
D3: The Mighty Ducks (1996),138,19,
Steel (1997),263,19,
Children of the Corn: The Gathering (1996),424,19,
Fatal Instinct (1993),579,19,
Widows' Peak (1994),703,19,
Home Alone 3 (1997),894,19,
Trust (1990),1103,19,
Surviving Picasso (1996),1117,19,
Backbeat (1993),1153,19,
Major Payne (1994),1178,19,
Cowboy Way. The (1994),1183,19,
Amos & Andrew (1993),1206,19,
Gridlock'd (1997),1245,19,
Blink (1994),1248,19,
Star Maps (1997),1265,19,
Set It Off (1996),1277,19,
Out to Sea (1997),1283,19,
That Darn Cat! (1965),1444,19,
Robert A. Heinlein's The Puppet Masters (1994),84,18,
House of Yes. The (1997),337,18,
Assignment. The (1997),359,18,
Little Rascals. The (1994),400,18,
Hellraiser: Bloodline (1996),590,18,
Blue Angel. The (Blaue Engel. Der) (1930),617,18,
Picnic (1955),618,18,
Thirty-Two Short Films About Glenn Gould (1993),811,18,
Andre (1994),812,18,
Jingle All the Way (1996),862,18,
Afterglow (1997),903,18,
Lost in Space (1998),916,18,
Inspector General. The (1949),968,18,
Amateur (1994),1069,18,
Hate (Haine. La) (1995),1097,18,
Firestorm (1998),1105,18,
Beyond Rangoon (1995),1107,18,
In the Army Now (1994),1185,18,
To Be or Not to Be (1942),1204,18,
Ready to Wear (Pret-A-Porter) (1994),1230,18,
Cutthroat Island (1995),1239,18,
Getaway. The (1994),1303,18,
M. Butterfly (1993),1401,18,
Dead Presidents (1995),1478,18,
Farinelli: il castrato (1994),557,17,
Mute Witness (1994),773,17,
Big Blue. The (Grand bleu. Le) (1988),947,17,
Stupids. The (1996),1001,17,
Switchback (1997),1038,17,
I'm Not Rappaport (1996),1120,17,
Road to Wellville. The (1994),1140,17,
Jade (1995),1207,17,
Madonna: Truth or Dare (1991),1232,17,
Shall We Dance? (1937),1286,17,
When the Cats Away (Chacun cherche son chat) (1996),256,16,
Jaws 3-D (1983),453,16,
Bastard Out of Carolina (1996),454,16,
Dark City (1998),691,16,
In the Bleak Midwinter (1995),718,16,
Exit to Eden (1994),725,16,
Ruling Class. The (1972),745,16,
Air Up There. The (1994),801,16,
Bad Taste (1987),854,16,
Believers. The (1987),860,16,
Stuart Saves His Family (1995),997,16,
Cabin Boy (1994),998,16,
Little Big League (1994),1032,16,
Balto (1995),1066,16,
Party Girl (1995),1071,16,
Selena (1997),1278,16,
Gang Related (1997),1280,16,
Waiting to Exhale (1995),1311,16,
Highlander III: The Sorcerer (1994),1419,16,
All Dogs Go to Heaven 2 (1996),103,15,
Haunted World of Edward D. Wood Jr.. The (1995),115,15,
Daytrippers. The (1996),533,15,
Boxing Helena (1993),574,15,
Miami Rhapsody (1995),700,15,
Go Fish (1994),733,15,
Gay Divorcee. The (1934),835,15,
April Fool's Day (1986),859,15,
One Night Stand (1997),888,15,
Rich Man's Wife. The (1996),983,15,
Mrs. Dalloway (1997),1024,15,
War. The (1994),1058,15,
Cobb (1994),1112,15,
Hard Eight (1996),1143,15,
Women. The (1939),1172,15,
Mixed Nuts (1994),1209,15,
Foxfire (1996),1263,15,
Color of Night (1994),1273,15,
Princess Caraboo (1994),1285,15,
Celtic Pride (1996),1291,15,
Bye Bye. Love (1995),1446,15,
Foreign Correspondent (1940),1451,15,
Deep Rising (1998),353,14,
Amityville II: The Possession (1982),440,14,
Hour of the Pig. The (1993),587,14,
Fluke (1995),726,14,
Perez Family. The (1995),786,14,
Braindead (1992),853,14,
For Richer or Poorer (1997),893,14,
To Live (Huozhe) (1994),958,14,
Big Green. The (1995),996,14,
Jury Duty (1995),1029,14,
Big Bully (1996),1165,14,
Wild Reeds (1994),1171,14,
Angus (1995),1225,14,
Palmetto (1998),1313,14,
Mad Love (1995),36,13,
Heavyweights (1994),377,13,
Traveller (1997),534,13,
Body Parts (1991),669,13,
Kicking and Screaming (1995),695,13,
Carrington (1995),714,13,
Roommates (1995),787,13,
Alaska (1996),828,13,
Telling Lies in America (1997),883,13,
Phantoms (1998),885,13,
Tango Lesson. The (1997),889,13,
Dangerous Beauty (1998),909,13,
Primary Colors (1998),915,13,
Double Team (1997),1088,13,
Red Firecracker. Green Firecracker (1994),1099,13,
Mark of Zorro. The (1940),1116,13,
Heidi Fleiss: Hollywood Madam (1995) ,1128,13,
Safe (1995),1131,13,
Palookaville (1996),1161,13,
Cops and Robbersons (1994),1182,13,
Switchblade Sisters (1975),1187,13,
Boys of St. Vincent. The (1993),1192,13,
Poison Ivy II (1995),1229,13,
Manny & Lo (1996),1281,13,
Withnail and I (1987),1404,13,
Radioland Murders (1994),394,12,
Striking Distance (1993),397,12,
Vampire in Brooklyn (1995),545,12,
NeverEnding Story III. The (1994),548,12,
Wild Bill (1995),556,12,
Stalingrad (1993),593,12,
Audrey Rose (1977),667,12,
Mr. Magoo (1997),901,12,
Little Lord Fauntleroy (1936),967,12,
Solo (1996),976,12,
Shiloh (1997),1015,12,
Four Days in September (1997),1062,12,
Star Maker. The (Uomo delle stelle. L') (1995),1068,12,
Pagemaster. The (1994),1076,12,
Dear God (1996),1092,12,
Thin Line Between Love and Hate. A (1996),1094,12,
Farewell to Arms. A (1932),1124,12,
Alphaville (1965),1154,12,
Love & Human Remains (1993),1166,12,
Blue Sky (1994),1211,12,
Scout. The (1994),1224,12,
For Love or Money (1993),1249,12,
Bread and Chocolate (Pane e cioccolata) (1973),1266,12,
Love Affair (1994),1297,12,
SubUrbia (1997),1428,12,
Tom and Huck (1995),1469,12,
Man in the Iron Mask. The (1998),1483,12,
Losing Isaiah (1995),1518,12,
Free Willy 2: The Adventure Home (1995),35,11,
Critical Care (1997),341,11,
Mighty Morphin Power Rangers: The Movie (1995),374,11,
Davy Crockett. King of the Wild Frontier (1955),621,11,
Fair Game (1995),759,11,
Addiction. The (1995),767,11,
Wild Things (1998),914,11,
Unzipped (1995),954,11,
Carried Away (1996),1085,11,
Truman Show. The (1998),1127,11,
Stalker (1979),1159,11,
Sum of Us. The (1994),1167,11,
That Old Feeling (1997),1190,11,
Strawberry and Chocolate (Fresa y chocolate) (1993),1195,11,
Gone Fishin' (1997),1254,11,
Robocop 3 (1993),1274,11,
Surviving the Game (1994),1314,11,
American Buffalo (1996),1335,11,
My Crazy Life (Mi vida loca) (1993),1421,11,
Herbie Rides Again (1974),1480,11,
White Balloon. The (1995),18,10,
Unhook the Stars (1996),146,10,
Wonderland (1997),360,10,
Incognito (1997),361,10,
Fear of a Black Hat (1993),390,10,
Ponette (1996),536,10,
White Man's Burden (1995),555,10,
Browning Version. The (1994),698,10,
Wonderful. Horrible Life of Leni Riefenstahl. The (1993),701,10,
Little Odessa (1994),782,10,
Baby-Sitters Club. The (1995),791,10,
Crooklyn (1994),793,10,
Clean Slate (1994),999,10,
Lightning Jack (1994),1000,10,
Simple Twist of Fate. A (1994),1055,10,
Cronos (1992),1056,10,
Bloodsport 2 (1995),1087,10,
Faithful (1996),1114,10,
Fresh (1994),1169,10,
I Love Trouble (1994),1180,10,
Low Down Dirty Shame. A (1994),1181,10,
Endless Summer 2. The (1994),1184,10,
Before the Rain (Pred dozhdot) (1994),1193,10,
Bitter Moon (1992),1268,10,
Love in the Afternoon (1957),1269,10,
Kazaam (1996),1336,10,
Cement Garden. The (1993),1375,10,
Picture Bride (1995),1400,10,
I'll Do Anything (1994),1425,10,
Shooting Fish (1997),1434,10,
Gold Diggers: The Secret of Bear Mountain (1995),1503,10,
Amazing Panda Adventure. The (1995),1540,10,
Warriors of Virtue (1997),1615,10,
Horseman on the Roof. The (Hussard sur le toit. Le) (1995),113,9,
unknown,267,9,
Burnt Offerings (1976),446,9,
True Crime (1995),592,9,
Man of the Year (1995),766,9,
Three Wishes (1995),776,9,
Bad Company (1995),798,9,
Heaven & Earth (1993),803,9,
Poetic Justice (1993),807,9,
Murder. My Sweet (1944),848,9,
Touch (1997),870,9,
Winter Guest. The (1997),899,9,
U.S. Marshalls (1998),912,9,
Month by the Lake. A (1995),964,9,
Geronimo: An American Legend (1993),1004,9,
War Room. The (1993),1141,9,
Blue Chips (1994),1145,9,
Tom & Viv (1994),1148,9,
Last Dance (1996),1150,9,
Man of the House (1995),1179,9,
In the Realm of the Senses (Ai no corrida) (1976),1214,9,
Contempt (Mépris. Le) (1963),1252,9,
Wild America (1997),1279,9,
Grass Harp. The (1995),1282,9,
Band Wagon. The (1953),1298,9,
'Til There Was You (1997),1300,9,
Larger Than Life (1996),1337,9,
Stag (1997),1393,9,
Next Karate Kid. The (1994),1415,9,
House Party 3 (1994),1437,9,
Hideaway (1995),1471,9,
Little Princess. The (1939),1473,9,
Sixth Man. The (1997),1620,9,
Nadja (1994),37,8,
Jimmy Hollywood (1994),804,8,
City of Angels (1998),918,8,
Hear My Song (1991),970,8,
Dangerous Ground (1997),981,8,
Pest. The (1997),1002,8,
That Darn Cat! (1997),1003,8,
Rent-a-Kid (1995),1043,8,
Love and a .45 (1994),1077,8,
Curdled (1996),1081,8,
Female Perversions (1996),1082,8,
What Happened Was... (1994),1100,8,
Caught (1996),1174,8,
Maybe. Maybe Not (Bewegte Mann. Der) (1994),1202,8,
Awfully Big Adventure. An (1995),1227,8,
Chairman of the Board (1998),1234,8,
Full Speed (1996),1238,8,
A Chef in Love (1996),1251,8,
Broken English (1996),1255,8,
Walking and Talking (1996),1262,8,
Sunset Park (1996),1276,8,
Penny Serenade (1941),1299,8,
Losing Chase (1996),1381,8,
Street Fighter (1994),1413,8,
Grace of My Heart (1996),1426,8,
Jason's Lyric (1994),1439,8,
Pather Panchali (1955),1449,8,
Bhaji on the Beach (1993),1475,8,
Reckless (1995),1479,8,
Kaspar Hauser (1993),1524,8,
Doom Generation. The (1995),34,7,
Faster Pussycat! Kill! Kill! (1965),74,7,
Year of the Horse (1997),884,7,
Mercury Rising (1998),917,7,
Paradise Road (1997),935,7,
Last Time I Committed Suicide. The (1997),994,7,
Lassie (1994),1031,7,
Pyromaniac's Love Story. A (1995),1072,7,
Man of No Importance. A (1994),1075,7,
Two Much (1996),1102,7,
Double Happiness (1994),1111,7,
Original Gangstas (1996),1151,7,
Bliss (1997),1173,7,
Dunston Checks In (1996),1177,7,
Purple Noon (1960),1198,7,
Kim (1950),1200,7,
Night Flier (1997),1243,7,
Bushwhacked (1995),1246,7,
Tie That Binds. The (1995),1253,7,
Nothing to Lose (1994),1264,7,
Life with Mikey (1993),1270,7,
North (1994),1271,7,
Denise Calls Up (1995),1288,7,
Jack and Sarah (1995),1289,7,
Ayn Rand: A Sense of Life (1997),1294,7,
Kicked in the Head (1997),1295,7,
National Lampoon's Senior Trip (1995),1305,7,
Pompatus of Love. The (1996),1312,7,
Horse Whisperer. The (1998),1316,7,
Meet Wally Sparks (1997),1376,7,
Love and Other Catastrophes (1996),1379,7,
Swept from the Sea (1997),1394,7,
Stranger in the House (1997),1399,7,
Swan Princess. The (1994),1409,7,
Steal Big. Steal Little (1995),1435,7,
Moonlight and Valentino (1995),1441,7,
Beat the Devil (1954),1456,7,
Madame Butterfly (1995),1459,7,
Thieves (Voleurs. Les) (1996),1462,7,
Dream With the Fishes (1997),1514,7,
Trial by Jury (1994),1522,7,
Senseless (1998),1527,7,
Far From Home: The Adventures of Yellow Dog (1995),1531,7,
Aparajito (1956),1558,7,
Promesse. La (1996),296,6,
Amityville 3-D (1983),438,6,
Blood Beach (1981),668,6,
Bad Moon (1996),706,6,
Whole Wide World. The (1996),867,6,
Bent (1997),891,6,
Flower of My Secret. The (Flor de mi secreto. La) (1995),927,6,
Albino Alligator (1996),1083,6,
Zeus and Roxanne (1997),1164,6,
Secret Agent. The (1996),1205,6,
Flesh and Bone (1993),1212,6,
Guilty as Sin (1993),1213,6,
Kissed (1996),1216,6,
Nénette et Boni (1996),1233,6,
Twisted (1996),1237,6,
Van. The (1996),1241,6,
Bad Girls (1994),1247,6,
Best of the Best 3: No Turning Back (1995),1250,6,
Ed (1996),1287,6,
Metisse (Café au Lait) (1993),1322,6,
Boys (1996),1326,6,
Of Love and Shadows (1994),1328,6,
Infinity (1996),1355,6,
Mina Tannenbaum (1994),1368,6,
Hollow Reed (1996),1380,6,
Second Jungle Book: Mowgli & Baloo. The (1997),1383,6,
Tetsuo II: Body Hammer (1992),1386,6,
Gabbeh (1996),1388,6,
Hurricane Streets (1998),1395,6,
Boy's Life 2 (1997),1405,6,
Land Before Time III: The Time of the Great Giving (1995) (V),1412,6,
Angel and the Badman (1947),1454,6,
Margaret's Museum (1995),1466,6,
Cure. The (1995),1468,6,
Nina Takes a Lover (1994),1474,6,
World of Apu. The (Apur Sansar) (1959),1512,6,
Twin Town (1997),1534,6,
Duoluo tianshi (1995),1591,6,
City of Industry (1997),1598,6,
Brother Minister: The Assassination of Malcolm X (1994),75,5,
Theodore Rex (1995),104,5,
Turbo: A Power Rangers Movie (1997),247,5,
3 Ninjas: High Noon At Mega Mountain (1998),314,5,
Amityville 1992: It's About Time (1992),437,5,
Amityville: A New Generation (1993),439,5,
Heavy (1995),594,5,
Blood For Dracula (Andy Warhol's Dracula) (1974),666,5,
Boys Life (1995),799,5,
Hearts and Minds (1996),868,5,
Two Bits (1995),920,5,
Feast of July (1995),1108,5,
Best Men (1997),1138,5,
Phat Beach (1996),1162,5,
Hugo Pool (1997),1175,5,
Old Lady Who Walked in the Sea. The (Vieille qui marchait dans la mer. La) (1991),1242,5,
Talking About Sex (1994),1272,5,
Stripes (1981),1301,5,
Late Bloomers (1996),1302,5,
Loaded (1994),1324,5,
Midnight Dancers (Sibak) (1994),1333,5,
Story of Xinghua. The (1993),1344,5,
Dingo (1992),1346,5,
1-900 (1994),1353,5,
Faust (1994),1367,5,
Rhyme & Reason (1997),1378,5,
Roseanna's Grave (For Roseanna) (1997),1385,5,
Locusts. The (1997),1392,5,
Stonewall (1995),1396,5,
Of Human Bondage (1934),1397,5,
When Night Is Falling (1995),1406,5,
No Escape (1994),1416,5,
Drunks (1995),1427,5,
Legal Deceit (1997),1431,5,
Panther (1995),1438,5,
Above the Rim (1994),1440,5,
Scarlet Letter. The (1995),1442,5,
Gumby: The Movie (1995),1470,5,
Even Cowgirls Get the Blues (1993),1487,5,
Chasers (1994),1489,5,
Flirt (1995),1495,5,
Carpool (1996),1496,5,
Prisoner of the Mountains (Kavkazsky Plennik) (1996),1501,5,
Getting Even with Dad (1994),1509,5,
Children of the Revolution (1996),1511,5,
Race the Sun (1996),1517,5,
Underground (1995),1529,5,
Jefferson in Paris (1995),1530,5,
Secret Adventures of Tom Thumb. The (1993),1555,5,
Magic Hour. The (1998),1592,5,
Romper Stomper (1992),1597,5,
Maya Lin: A Strong Clear Vision (1994),119,4,
Amityville Curse. The (1990),442,4,
Big Squeeze. The (1996),598,4,
So Dear to My Heart (1949),626,4,
The Innocent (1994),643,4,
Across the Sea of Time (1995),757,4,
Castle Freak (1995),777,4,
Faces (1968),822,4,
In the Line of Duty 2 (1987),838,4,
Loch Ness (1995),839,4,
Perfect Candidate. A (1996),850,4,
Two or Three Things I Know About Her (1966),851,4,
Nil By Mouth (1997),910,4,
Twilight (1998),911,4,
Grateful Dead (1995),973,4,
Underworld (1997),987,4,
Head Above Water (1996),992,4,
Lay of the Land. The (1997),1026,4,
Crossfire (1947),1064,4,
C'est arrivé près de chez vous (1992),1104,4,
Newton Boys. The (1998),1106,4,
Innocents. The (1961),1125,4,
Fille seule. La (A Single Girl) (1995),1158,4,
King of the Hill (1993),1223,4,
Designated Mourner. The (1997),1257,4,
Pie in the Sky (1995),1259,4,
Total Eclipse (1995),1260,4,
Run of the Country. The (1995),1261,4,
Killer (Bulletproof Heart) (1994),1275,4,
Journey of August King. The (1995),1317,4,
Neon Bible. The (1995),1319,4,
An Unforgettable Summer (1994),1330,4,
Last Klezmer: Leopold Kozlowski. His Life and Music. The (1995),1331,4,
Two Deaths (1995),1338,4,
Ballad of Narayama. The (Narayama Bushiko) (1958),1347,4,
Forbidden Christ. The (Cristo proibito. Il) (1950),1369,4,
Hotel de Love (1996),1377,4,
Bonheur. Le (1965),1382,4,
Ciao. Professore! (1993),1402,4,
Caro Diario (Dear Diary) (1994),1403,4,
Harlem (1993),1410,4,
Suture (1993),1422,4,
Walking Dead. The (1995),1423,4,
Sliding Doors (1998),1429,4,
8 Seconds (1994),1443,4,
Ladybird Ladybird (1994),1445,4,
Colonel Chabert. Le (1994),1485,4,
Germinal (1993),1488,4,
Grosse Fatigue (1994),1499,4,
Mr. Wonderful (1993),1521,4,
Enfer. L' (1994),1535,4,
Cosi (1996),1537,4,
Being Human (1993),1539,4,
Frankie Starlight (1995),1545,4,
Underneath. The (1995),1553,4,
Clean Slate (Coup de Torchon) (1981),1560,4,
Schizopolis (1996),1589,4,
Guantanamera (1994),1600,4,
Love Serenade (1996),1605,4,
Buddy (1997),1608,4,
Leading Man. The (1996),1612,4,
Lamerica (1994),1628,4,
Angel Baby (1995),1643,4,
8 Heads in a Duffel Bag (1997),1664,4,
Relative Fear (1994),788,3,
Frisk (1995),817,3,
Amityville: Dollhouse (1996),858,3,
Nosferatu a Venezia (1986),861,3,
Shooter. The (1995),1027,3,
Commandments (1997),1096,3,
Last Time I Saw Paris. The (1954),1123,3,
Quiet Room. The (1996),1144,3,
Calendar Girl (1993),1146,3,
Rendezvous in Paris (Rendez-vous de Paris. Les) (1995),1155,3,
Inkwell. The (1994),1186,3,
Prefontaine (1997),1189,3,
Letter From Death Row. A (1998),1191,3,
Savage Nights (Nuits fauves. Les) (1992),1196,3,
Designated Mourner. The (1997),1256,3,
Simple Wish. A (1997),1292,3,
Star Kid (1997),1293,3,
Catwalk (1995),1318,3,
Wooden Man's Bride. The (Wu Kui) (1994),1323,3,
Captives (1994),1327,3,
Lover's Knot (1996),1351,3,
Ed's Next Move (1996),1356,3,
For the Moment (1994),1357,3,
Search for One-eye Jimmy. The (1996),1361,3,
I Can't Sleep (J'ai pas sommeil) (1994),1370,3,
Stranger. The (1994),1372,3,
Squeeze (1996),1384,3,
Fall (1997),1387,3,
Mondo (1996),1389,3,
For Ever Mozart (1996),1391,3,
Gordy (1995),1408,3,
Joy Luck Club. The (1993),1418,3,
Gilligan's Island: The Movie (1998),1420,3,
I Like It Like That (1994),1424,3,
Ill Gotten Gains (1997),1430,3,
Mighty. The (1998),1432,3,
My Favorite Season (1993),1448,3,
Boys. Les (1997),1463,3,
Stars Fell on Henrietta. The (1995),1464,3,
Last Summer in the Hamptons (1995),1465,3,
Jerky Boys. The (1994),1484,3,
Fausto (1993),1490,3,
Bewegte Mann. Der (1994),1504,3,
Nelly & Monsieur Arnaud (1995),1506,3,
Babysitter. The (1995),1508,3,
Sprung (1997),1513,3,
Wedding Gift. The (1994),1516,3,
Nowhere (1997),1528,3,
All Over Me (1997),1538,3,
It Takes Two (1995),1544,3,
Hunted. The (1995),1552,3,
Price Above Rubies. A (1998),1602,3,
Hurricane Streets (1998),1607,3,
B*A*P*S (1997),1609,3,
Truth or Consequences. N.M. (1997),1610,3,
Paris. France (1993),1622,3,
Cérémonie. La (1995),1623,3,
Bitter Sugar (Azucar Amargo) (1996),1639,3,
Temptress Moon (Feng Yue) (1996),1652,3,
Substance of Fire. The (1996),1658,3,
Daniel Defoe's Robinson Crusoe (1996),600,2,
Beyond Bedlam (1993),784,2,
Time Tracers (1995),897,2,
Vermin (1998),907,2,
Love and Death on Long Island (1997),913,2,
Pushing Hands (1992),957,2,
Celestial Clockwork (1994),1080,2,
Country Life (1994),1290,2,
New York Cop (1996),1304,2,
Delta of Venus (1994),1306,2,
Carmen Miranda: Bananas Is My Business (1994),1307,2,
Babyfever (1994),1308,2,
Open Season (1996),1321,2,
My Life and Times With Antonin Artaud (En compagnie d'Antonin Artaud) (1993),1332,2,
Somebody to Love (1994),1334,2,
Convent. The (Convento. O) (1995),1342,2,
Day the Sun Turned Cold. The (Tianguo niezi) (1994),1345,2,
Crows and Sparrows (1949),1350,2,
Venice/Venice (1992),1354,2,
The Deadly Cure (1996),1358,2,
Boys in Venice (1996),1359,2,
Sexual Life of the Belgians. The (1994),1360,2,
American Strays (1996),1362,2,
Johnny 100 Pesos (1993),1365,2,
Machine. The (1994),1371,2,
Falling in Love Again (1980),1374,2,
Innocent Sleep. The (1995),1390,2,
Anna (1996),1398,2,
Turning. The (1992),1417,2,
Men of Means (1998),1433,2,
Mr. Jones (1993),1436,2,
Golden Earrings (1947),1450,2,
Outlaw. The (1943),1455,2,
Saint of Fort Washington. The (1993),1467,2,
Visitors. The (Visiteurs. Les) (1993),1472,2,
Nightwatch (1997),1477,2,
S.F.W. (1994),1481,2,
Tough and Deadly (1995),1491,2,
Line King: Al Hirschfeld. The (1996),1497,2,
Santa with Muscles (1996),1500,2,
Naked in New York (1994),1502,2,
New Jersey Drive (1995),1519,2,
Good Man in Africa. A (1994),1523,2,
Foreign Student (1994),1532,2,
Beans of Egypt. Maine. The (1994),1541,2,
Scarlet Letter. The (1926),1542,2,
Show. The (1995),1547,2,
Dream Man (1995),1549,2,
Destiny Turns on the Radio (1995),1550,2,
Glass Shield. The (1994),1551,2,
Safe Passage (1994),1554,2,
Condition Red (1995),1556,2,
Spirits of the Dead (Tre passi nel delirio) (1968),1573,2,
Collectionneuse. La (1967),1578,2,
American Dream (1990),1585,2,
Salut cousin! (1996),1588,2,
To Have. or Not (1995),1590,2,
Everest (1998),1594,2,
Intimate Relations (1996),1611,2,
Hugo Pool (1997),1617,2,
Nico Icon (1995),1629,2,
Slingshot. The (1993),1631,2,
Some Mother's Son (1996),1642,2,
Sudden Manhattan (1996),1644,2,
Men With Guns (1997),1646,2,
Little City (1998),1656,2,
Rough Magic (1995),1662,2,
Kika (1993),1672,2,
Police Story 4: Project S (Chao ji ji hua) (1993),599,1,
Fire on the Mountain (1996),677,1,
Substance of Fire. The (1996),711,1,
Great Day in Harlem. A (1994),814,1,
Power 98 (1995),830,1,
Bloody Child. The (1996),852,1,
Paris Was a Woman (1995),857,1,
They Made Me a Criminal (1939),1122,1,
Jupiter's Wife (1994),1130,1,
Cyclo (1995),1156,1,
Marlene Dietrich: Shadow and Light (1996) ,1201,1,
Big Bang Theory. The (1994),1235,1,
Other Voices. Other Rooms (1997),1236,1,
Very Natural Thing. A (1974),1309,1,
Walk in the Sun. A (1945),1310,1,
Homage (1995),1320,1,
August (1996),1325,1,
Low Life. The (1994),1329,1,
Stefano Quantestorie (1993),1339,1,
Crude Oasis. The (1995),1340,1,
Hedd Wyn (1992),1341,1,
Lotto Land (1995),1343,1,
Every Other Weekend (1990),1348,1,
Mille bolle blu (1993),1349,1,
Shadow of Angels (Schatten der Engel) (1976),1352,1,
Leopard Son. The (1996),1363,1,
Bird of Prey (1996),1364,1,
JLG/JLG - autoportrait de décembre (1994),1366,1,
Good Morning (1971),1373,1,
Coldblooded (1995),1414,1,
Century (1993),1447,1,
Lady of Burlesque (1943),1452,1,
Angel on My Shoulder (1946),1453,1,
Love Is All There Is (1996),1457,1,
Damsel in Distress. A (1937),1458,1,
Sleepover (1995),1460,1,
Here Comes Cookie (1935),1461,1,
Raw Deal (1948),1476,1,
Gate of Heavenly Peace. The (1995),1482,1,
Girl in the Cadillac (1995),1486,1,
Window to Paris (1994),1492,1,
Modern Affair. A (1995),1493,1,
Mostro. Il (1994),1494,1,
Farmer & Chase (1995),1498,1,
Killer: A Journal of Murder (1995),1505,1,
Three Lives and Only One Death (1996),1507,1,
Mad Dog Time (1996),1510,1,
Wings of Courage (1995),1515,1,
Fear. The (1995),1520,1,
Object of My Affection. The (1998),1525,1,
Witness (1985),1526,1,
I Don't Want to Talk About It (De eso no se habla) (1993),1533,1,
Aiqing wansui (1994),1536,1,
Johns (1996),1543,1,
Shadows (Cienie) (1988),1546,1,
The Courtyard (1995),1548,1,
Yankee Zulu (1994),1557,1,
Hostile Intentions (1994),1559,1,
Tigrero: A Film That Was Never Made (1994),1561,1,
Eye of Vichy. The (Oeil de Vichy. L') (1993),1562,1,
Promise. The (Versprechen. Das) (1994),1563,1,
To Cross the Rubicon (1991),1564,1,
Daens (1992),1565,1,
Man from Down Under. The (1943),1566,1,
Careful (1992),1567,1,
Vermont Is For Lovers (1992),1568,1,
Vie est belle. La (Life is Rosey) (1987),1569,1,
Quartier Mozart (1992),1570,1,
Touki Bouki (Journey of the Hyena) (1973),1571,1,
Wend Kuuni (God's Gift) (1982),1572,1,
Pharaoh's Army (1995),1574,1,
I. Worst of All (Yo. la peor de todas) (1990),1575,1,
Hungarian Fairy Tale. A (1987),1576,1,
Death in the Garden (Mort en ce jardin. La) (1956),1577,1,
Baton Rouge (1988),1579,1,
Liebelei (1933),1580,1,
Woman in Question. The (1950),1581,1,
T-Men (1947),1582,1,
Invitation. The (Zaproszenie) (1986),1583,1,
Symphonie pastorale. La (1946),1584,1,
Lashou shentan (1992),1586,1,
Terror in a Texas Town (1958),1587,1,
Death in Brunswick (1991),1593,1,
Shopping (1994),1595,1,
Nemesis 2: Nebula (1995),1596,1,
Someone Else's America (1995),1599,1,
Office Killer (1997),1601,1,
Angela (1995),1603,1,
He Walked by Night (1948),1604,1,
Deceiver (1997),1606,1,
Tokyo Fist (1995),1613,1,
Reluctant Debutante. The (1958),1614,1,
Desert Winds (1995),1616,1,
King of New York (1990),1618,1,
All Things Fair (1996),1619,1,
Butterfly Kiss (1995),1621,1,
Hush (1998),1624,1,
Nightwatch (1997),1625,1,
Nobody Loves Me (Keiner liebt mich) (1994),1626,1,
Wife. The (1995),1627,1,
Silence of the Palace. The (Saimt el Qusur) (1994),1630,1,
Land and Freedom (Tierra y libertad) (1995),1632,1,
Á köldum klaka (Cold Fever) (1994),1633,1,
Etz Hadomim Tafus (Under the Domin Tree) (1994),1634,1,
Two Friends (1986) ,1635,1,
Brothers in Trouble (1995),1636,1,
Girls Town (1996),1637,1,
Normal Life (1996),1638,1,
Eighth Day. The (1996),1640,1,
Dadetown (1995),1641,1,
Butcher Boy. The (1998),1645,1,
Hana-bi (1997),1647,1,
Niagara. Niagara (1997),1648,1,
Big One. The (1997),1649,1,
Butcher Boy. The (1998),1650,1,
Spanish Prisoner. The (1997),1651,1,
Entertaining Angels: The Dorothy Day Story (1996),1653,1,
Chairman of the Board (1998),1654,1,
Favor. The (1994),1655,1,
Target (1995),1657,1,
Getting Away With Murder (1996),1659,1,
Small Faces (1995),1660,1,
New Age. The (1994),1661,1,
Nothing Personal (1995),1663,1,
Brother's Kiss. A (1997),1665,1,
Ripe (1996),1666,1,
Next Step. The (1995),1667,1,
Wedding Bell Blues (1996),1668,1,
MURDER and murder (1996),1669,1,
Tainted (1998),1670,1,
Further Gesture. A (1996),1671,1,
Mirage (1995),1673,1,
Mamma Roma (1962),1674,1,
Sunchaser. The (1996),1675,1,
War at Home. The (1996),1676,1,
Sweet Nothing (1995),1677,1,
Mat' i syn (1997),1678,1,
B. Monkey (1998),1679,1,
Sliding Doors (1998),1680,1,
You So Crazy (1994),1681,1,
Scream of Stone (Schrei aus Stein) (1991),1682,1,



,,,(κενό)
